{
    "total_trades": 2,
    "win_rate": 50.0,
    "profit_factor": 0.43124834506404325,
    "sharpe_ratio": -0.4046405419255979,
    "max_drawdown": 0.012111045162794197,
    "avg_profit": 0.03999305418558009,
    "avg_loss": 0.092737872836685,
    "max_win": 0.03999305418558009,
    "max_loss": -0.092737872836685,
    "avg_trade": -0.026372409325552452,
    "avg_bars": 15.0
}