{
    "4h": {
        "profit": 4.948068199487654,
        "win_rate": 46.01449275362319,
        "sharpe": 0.1325807210530909,
        "drawdown": 32.51066593329029,
        "trades": 276,
        "final_balance": 10494.806819948764
    },
    "1d": {
        "profit": 4.948068199487654,
        "win_rate": 46.01449275362319,
        "sharpe": 0.1325807210530909,
        "drawdown": 32.51066593329029,
        "trades": 276,
        "final_balance": 10494.806819948764
    }
}