{
    "5m": {
        "profit": -42.888585816726376,
        "win_rate": 21.21212121212121,
        "sharpe": -0.2850721602716514,
        "drawdown": 44.327966915975615,
        "trades": 33,
        "final_balance": 5711.141418327362
    },
    "15m": {
        "profit": -42.888585816726376,
        "win_rate": 21.21212121212121,
        "sharpe": -0.2850721602716514,
        "drawdown": 44.327966915975615,
        "trades": 33,
        "final_balance": 5711.141418327362
    },
    "30m": {
        "profit": -42.888585816726376,
        "win_rate": 21.21212121212121,
        "sharpe": -0.2850721602716514,
        "drawdown": 44.327966915975615,
        "trades": 33,
        "final_balance": 5711.141418327362
    },
    "1h": {
        "profit": -42.888585816726376,
        "win_rate": 21.21212121212121,
        "sharpe": -0.2850721602716514,
        "drawdown": 44.327966915975615,
        "trades": 33,
        "final_balance": 5711.141418327362
    },
    "4h": {
        "profit": -42.888585816726376,
        "win_rate": 21.21212121212121,
        "sharpe": -0.2850721602716514,
        "drawdown": 44.327966915975615,
        "trades": 33,
        "final_balance": 5711.141418327362
    },
    "1d": {
        "profit": -42.888585816726376,
        "win_rate": 21.21212121212121,
        "sharpe": -0.2850721602716514,
        "drawdown": 44.327966915975615,
        "trades": 33,
        "final_balance": 5711.141418327362
    }
}